{
  "consumption": {
    "alpha_0": 85967.23694212962,
    "alpha_1": 0.4470379360041743,
    "alpha_2": 0.02
  },
  "investment": {
    "beta_0": -0.05281638326399926,
    "beta_1": 0.19885934496480903,
    "beta_2": 0.20057446260150036
  },
  "phillips": {
    "gamma_0": 2.6810054450510954,
    "gamma_1": -0.5895226829163456,
    "gamma_2": 0.39441078044298483
  },
  "gini": {
    "delta_0": 0.31766760085846557,
    "delta_1": 0.5373201487302053,
    "n_obs": 9,
    "note": "Small sample, p=0.275"
  },
  "calibrated": {
    "tau_income": 0.11001656250597362,
    "tau_corporate": 0.5728184163589681,
    "tau_production": 0.09367678928301235,
    "ss_contrib_rate": 0.29526371522198624,
    "ss_benefit_rate": 0.28099452246247625,
    "r_deposits": 0.011288957895071106,
    "r_loans": 0.018564674267744653,
    "r_bonds": 0.006785061172644614,
    "delta_k": 0.05
  }
}